,Unnamed: 0,source,author,title,description,url,urlToImage,publishedAt,content
0,0,"{'id': None, 'name': 'Halifaxtoday.ca'}",The Conversation,"Decision to deploy genetically modified mosquitoes not made responsibly, researchers say - HalifaxToday.ca","Decision to deploy genetically modified mosquitoes not made responsibly, researchers say HalifaxToday.ca",https://www.halifaxtoday.ca/local-news/decision-to-deploy-genetically-modified-mosquitoes-not-made-responsibly-researchers-say-1743841,https://www.vmcdn.ca/f/files/baytoday/images/outdoors/mosquito-2017.jpg;w=630,2019-10-14T15:53:00Z,"This article, written by Natalie Kofler, University of Illinois at Urbana-Champaign; Françoise Baylis, Dalhousie University; Graham Dellaire, Dalhousie University, and Landon J Getz, Dalhousie University, originally appeared on The Conversation and has been r… [+8654 chars]"
1,1,"{'id': None, 'name': 'Mississauga.com'}",NaN,Scientist faces criticism on red meat study - Waterloo Chronicle,Scientist faces criticism on red meat study Waterloo Chronicle View full coverage on Google News,https://www.mississauga.com/community-story/9631621-scientist-faces-criticism-on-red-meat-study/,https://www.waterloochronicle.ca/Contents/Images/Communities/Waterloo_1200x630.png,2019-10-06T03:06:46Z,"HALIFAX A Canadian researcher who co-led a study that challenges well-worn advice to limit meat consumption has responded to criticisms he should have disclosed past ties to the global meat and food industry.
Dalhousie University's Bradley Johnston said Satu… [+1334 chars]"
2,2,"{'id': None, 'name': 'Thetelegram.com'}",Sharon Kirkey,"No, beef isn't bad for you: Scientists conclude there is no need to eat less red or processed meat - The Telegram","No, beef isn't bad for you: Scientists conclude there is no need to eat less red or processed meat The Telegram Red Meat Not So Bad For You After All Mother Jones Mis-steak: Researchers find red meat, processed food not as bad for health as previously thought…",https://www.thetelegram.com/news/canada/no-beef-isnt-bad-for-you-scientists-conclude-there-is-no-need-to-eat-less-red-or-processed-meat-358509/,https://www.thetelegram.com/media/photologue/photos/cache/meat-1png_medium,2019-10-05T19:44:25Z,"New guidelines certain to be celebrated by enthusiasts of the carnivore diet and denounced by others as nutritional heresy recommend most adults shouldn’t worry about eating less red or processed meat.
The recommendations — which conflict with virtually ever… [+7292 chars]"
3,3,"{'id': None, 'name': 'Runningmagazine.ca'}",Canadian Running,Red meat: study shows the danger may be less than we thought - Canadian Running Magazine,"Red meat: study shows the danger may be less than we thought Canadian Running Magazine To meat, or not to meat: Here's what you need to know about the latest study The Globe and Mail Your doctor may be wrong about red meat: Study The Straits Times ‘Totally bi…",https://runningmagazine.ca/health-nutrition/red-meat-study-shows-the-danger-may-be-less-than-we-thought/,https://runningmagazine.ca/wp-content/uploads/2014/02/139736560-e1547155305713.jpg,2019-10-02T20:05:41Z,"Runners who derive a significant portion of their protein and iron needs by consuming red meat, despite the warnings about the risk of heart disease and cancer are encouraged by the results of a recent review of the evidence on the subject, which found that w… [+2416 chars]"
4,4,"{'id': None, 'name': 'Castanet.net'}",NaN,Study: red meat not so bad? - Canada News - Castanet.net,A Canadian researcher who co-led a study that challenges well-worn advice to limit meat consumption has responded to criticisms he should have disclosed past ties to the global meat and food industry.,https://www.castanet.net/news/Canada/267557/Study-red-meat-not-so-bad,https://www.castanet.net/content/2019/10/CPT10122897_p3410525.jpg,2019-10-06T13:55:00Z,"A Canadian researcher who co-led a study that challenges well-worn advice to limit meat consumption has responded to criticisms he should have disclosed past ties to the global meat and food industry.
Dalhousie University's Bradley Johnston said Saturday tha… [+2269 chars]"
5,5,"{'id': None, 'name': 'Globalnews.ca'}",Michelle McQuigge,Experts say zero-tolerance policies aimed at stopping bullying aren’t working - Global News,"Experts say zero-tolerance policies aimed at stopping bullying aren’t working Global News Zero-tolerance policies aimed at stopping bullying not working, experts say CBC.ca Zero-tolerance policies aimed at stopping bullying not working, say experts CTV News V…",http://globalnews.ca/news/6019367/bullying-zero-tolerance-policies/,https://shawglobalnews.files.wordpress.com/2019/10/selvey-1.jpg?quality=70&strip=all&w=720&h=379&crop=1,2019-10-11T01:27:52Z,"TORONTO – The shocking death of a 14-year-old Ontario boy who was stabbed outside his high school raises questions about the effectiveness of the anti-bullying campaigns that have gained prominence in Canada in recent years, those with expertise in the matter… [+4232 chars]"
6,6,"{'id': None, 'name': 'Jordantimes.com'}",NaN,Should you keep eating red meat? - Jordan Times,"By Ryan W. MillerShould you stop eating red meat for health reasons?That’s the question rocking the nutrition and scientific community after guidelines published in a peer-reviewed journal said people should continue eating red meat, running counter to what m…",https://www.jordantimes.com/news/features/should-you-keep-eating-red-meat,NaN,2019-10-06T19:53:15Z,"By Ryan W. Miller
Should you stop eating red meat for health reasons?
Thats the question rocking the nutrition and scientific community after guidelines published in a peer-reviewed journal said people should continue eating red meat, running counter to wha… [+6114 chars]"
7,7,"{'id': None, 'name': 'Bustle.com'}",NaN,A New Study Says Red Meat Isn't Bad For You — But Scientists Disagree - Bustle,A New Study Says Red Meat Isn't Bad For You — But Scientists Disagree Bustle Your doctor may be wrong about red meat: Study The Straits Times ‘Totally bizarre!’ — nutritionists see red over study downplaying the health risks of red meat MarketWatch New Study …,https://www.bustle.com/p/red-meat-isnt-unhealthy-a-new-study-says-18815902,https://imgix.bustle.com/uploads/shutterstock/2019/10/2/c4e16774-a924-44af-9546-c9059cf24f61-shutterstock-1255329469.jpg?w=1200&h=630&q=70&fit=crop&crop=faces&fm=jpg,2019-10-02T16:14:00Z,"For years, dietary advice has suggested that people should lower their intake of red and processed meats because of potential health issues, including higher risk of cardiovascular illnesses and cancers. Now, a new and controversial review of the science arou… [+7143 chars]"
8,8,"{'id': None, 'name': 'Sciencedaily.com'}",NaN,No need to cut down red and processed meat: Study,"Contrary to previous advice, five new systematic reviews suggest that most people can continue to eat red and processed meat as they do now. The major studies have found cutting back has little impact on health.",https://www.sciencedaily.com/releases/2019/09/190930215122.htm,https://www.sciencedaily.com/images/2019/09/190930215122_1_540x360.jpg,2019-10-01T01:51:22Z,Most people can continue to eat red and processed meat as they do now. A major study led by researchers at McMaster and Dalhousie universities has found cutting back has little impact on health.A panel of international scientists systematically reviewed the e… [+3331 chars]
9,9,"{'id': None, 'name': 'Everydayhealth.com'}",Becky Upham,Do You Really Need to Eat Less Red Meat? - Everyday Health,"New guidelines suggest there isn’t enough evidence to recommend cutting back on red meat to prevent heart disease, diabetes, and early death. But several scientists disagree with the controversial findings. Learn more about the analysis here.",https://www.everydayhealth.com/diet-nutrition/you-really-need-eat-less-red-meat/,https://images.agoramedia.com/everydayhealth/gcms/Questions-Role-of-Red-Meat-Reduction-in-Cancer-722x406.jpg,2019-10-08T01:41:24Z,"One day carbs are okay; the next they're the devil. Fat was the culprit of the obesity epidemic; now, loading up is touted as a quick-fix for weight loss. If you're a health news consumer, you're no stranger to nutrition advice that flip-flops so much it can … [+17229 chars]"
10,10,"{'id': 'usa-today', 'name': 'USA Today'}","USA TODAY, Ryan W. Miller, USA TODAY",Should you keep eating red meat? Controversial study says well-known health risks are just bad science,A study from the NutriRECS group published in the Annals of Internal Medicine urged adults to keep eating red meat. Doctors are now pushing back.,https://www.usatoday.com/story/news/health/2019/10/02/red-meat-study-known-health-risks-unfounded-doctors-decry-guidelines/3838947002/?utm_source=google&utm_medium=amp&utm_campaign=speakable,https://www.gannett-cdn.com/-mm-/e2d270b9efe4517242afaed0fb1542347c8a15ae/c=0-127-580-453/local/-/media/2018/08/02/USATODAY/usatsports/MotleyFool-TMOT-37c7433a-beef_large.jpg?width=3200&height=1680&fit=crop,2019-10-02T14:18:15Z,"Even vegetarians can rejoice over these new types of meat hitting the market. Here's why.
 Just the FAQs, USA TODAY
Story Highlights
<ul><li>A new report suggests longstanding guidelines that red meat is bad for your health may not be true.</li><li>The stu… [+7080 chars]"
11,11,"{'id': None, 'name': 'Globalnews.ca'}",Rachel Browne,"In 2015, Justin Trudeau declared ‘Canada is back’— so where are we now? - Global News","In 2015, Justin Trudeau declared ‘Canada is back’— so where are we now? Global News In 2019, Justin Trudeau has baggage - and faces a very different political landscape CBC.ca Jeered and cheered in Calgary, Trudeau spends final day of campaign in B.C. CTV New…",http://globalnews.ca/news/6047377/justin-trudeau-2015-and-now/,https://shawglobalnews.files.wordpress.com/2019/10/10276498.jpg?quality=70&strip=all&w=720&h=379&crop=1,2019-10-20T11:00:32Z,"Right after Justin Trudeau led the Liberals to a strong victory in the 2015 federal election, he declared that he would also guide Canada back to its rightful place on the global stage in the aftermath of a decade under the Conservatives.
To this countrys fr… [+15220 chars]"
12,12,"{'id': None, 'name': 'Electricautonomy.ca'}",Emma Jarratt,"Tesla Acquires Canadian Battery Specialist, Hibar Systems",Ontario-based company brings specialist battery manufacturing expertise to global EV giant amid talk of “Tesla’s secret battery lab”,https://electricautonomy.ca/2019/10/04/tesla-acquires-canadian-battery-specialist-hibar-systems/,https://electricautonomy.ca/wp-content/uploads/2019/10/Tesla-acquires-Canadian-battery-specialist-Hibar-Systems-Limited.png,2019-10-05T10:05:34Z,"Tesla Inc. is expanding into Canada with the purchase of a Richmond Hill, Ont., company specializing in battery manufacturing, Hibar Systems Ltd.
The quiet purchase not previously reported happened between July and October of this year, public records show.… [+5278 chars]"
13,13,"{'id': None, 'name': 'Futurity.org'}",U. Washington,Costs and demand keep fish from malnourished people on coasts,"Having some of the most nutritious fish in the world nearby doesn't save millions of people, particularly children, from malnutrition.",https://www.futurity.org/malnutrition-nutritious-fish-2172142-2/,https://www.futurity.org/wp/wp-content/uploads/2019/09/man-cleaning-fish-on-beach_1600.jpg,2019-09-30T13:08:34Z,"Malnutrition affects millions of people despite the fact that fishers catch some of the most nutritious fish in the world near their homes, according to a new study.
Children in particular are vulnerable and could see significant health improvements if just … [+4079 chars]"
14,14,"{'id': None, 'name': 'Nejm.org'}","Jon Dorling, Jane Abbott, Janet Berrington, Beth Bosiak, Ursula Bowler, Elaine Boyle, Nicholas Embleton, Oliver Hewer, Samantha Johnson, Edmund Juszczak, Alison Leaf, Louise Linsell, Kenny McCormick, William McGuire, Omar Omar, Christopher Partlett, Mehali Patel, Tracy Roberts, Ben Stenson, John Townend",Controlled Trial of Two Incremental Milk-Feeding Rates in Preterm Infants,Original Article from The New England Journal of Medicine — Controlled Trial of Two Incremental Milk-Feeding Rates in Preterm Infants,https://www.nejm.org/doi/full/10.1056/NEJMoa1816654,https://www.nejm.org/na101/home/literatum/publisher/mms/journals/content/nejm/2019/nejm_2019.381.issue-15/nejmoa1816654/20191007/images/img_small/nejmoa1816654_f1.jpeg,2019-10-04T02:00:53Z,"From the Division of NeonatalPerinatal Medicine, Dalhousie University, Halifax, NS, Canada (J.D.); and Bliss, London (J.A., M.P.), the National Perinatal Epidemiology Unit Clinical Trials Unit, Nuffield Department of Population Health, University of Oxford (B… [+1016 chars]"
15,15,"{'id': None, 'name': 'Yahoo.com'}",Laurent Belsie,Too much milk: Two nations’ travails with dairy policy,The U.S. has embraced exports. Canada keeps them out to manage its milk supply. Global markets pose a challenge to both.,https://news.yahoo.com/too-much-milk-two-nations-110927828.html,https://s.yimg.com/ny/api/res/1.2/9qqDMd8sFhIlLcXR8YUuNg--/YXBwaWQ9aGlnaGxhbmRlcjt3PTEyODA7aD04NTMuMzMzMzMzMzMzMzMzNA--/https://s.yimg.com/uu/api/res/1.2/HlPwgJTBeWtjkS.SzIsohA--~B/aD02MDA7dz05MDA7c209MTthcHBpZD15dGFjaHlvbg--/https://media.zenfs.com/en-us/csmonitor.com/72419b672012562d410c7369e3f6e75d,2019-10-16T11:09:27Z,"Standing in her barn outside Cambridge, Wisconsin, surrounded by cows with tags in their ears, Tina Hinchley is growing optimistic that the five-year crisis in Americas dairy industry is coming to an end.
We are not out of the woods yet, she says. But I see … [+7097 chars]"
16,16,"{'id': 'the-globe-and-mail', 'name': 'The Globe And Mail'}",NaN,"The Green Leader's great expectations: How Elizabeth May nearly quit after 2015, but stayed for a showdown on climate change - The Globe and Mail","The Green Leader's great expectations: How Elizabeth May nearly quit after 2015, but stayed for a showdown on climate change The Globe and Mail Elizabeth May says minority government likely on Monday CBC.ca Green Leader Elizabeth May predicts Canadians will e…",https://www.theglobeandmail.com/canada/british-columbia/article-green-party-elizabeth-may-profile-climate-change-election/,https://www.theglobeandmail.com/resizer/zXop3L0Fa7ZkCMYeucbuwb8B43U=/1200x0/filters:quality(80)/arc-anglerfish-tgam-prod-tgam.s3.amazonaws.com/public/Y4VCATIUQVGHXHY7IY4PODG6H4.jpg,2019-10-17T00:19:33Z,"Green Leader Elizabeth May arrives for a federal election campaign stop via public transit in Longueuil, Que., on Oct. 8, 2019.
The Canadian Press
Elizabeth May is in the middle of her fourth federal election campaign as Leader of the Green party, and this … [+23147 chars]"
17,17,"{'id': None, 'name': 'Hackaday.com'}",Bob Baddeley,Better Battery Management Through Chemistry,"The lead-acid rechargeable battery is a not-quite-modern marvel. Super reliable and easy to use, charging it is just a matter of applying a fixed voltage to it and waiting a while; eventually the battery is charged and stays topped off, and that’s it. Their e…",https://hackaday.com/2019/10/07/better-battery-management-through-chemistry/,https://hackaday.com/wp-content/uploads/2019/10/Battery.jpg,2019-10-07T14:01:51Z,"The lead-acid rechargeable battery is a not-quite-modern marvel. Super reliable and easy to use, charging it is just a matter of applying a fixed voltage to it and waiting a while; eventually the battery is charged and stays topped off, and that’s it. Their e… [+8975 chars]"
18,18,"{'id': 'national-review', 'name': 'National Review'}",Mairead McArdle,"Study: Red, Processed Meat Not a Significant Health Risk","The results are ""sure to be controversial,"" authors at the Indiana University School of Medicine said in an editorial.",https://www.nationalreview.com/news/study-red-processed-meat-not-a-significant-health-risk/,https://i0.wp.com/www.nationalreview.com/wp-content/uploads/2017/10/ffood03_0.jpg?fit=1200%2C700&ssl=1,2019-10-01T12:54:45Z,"An employee prepares food orders at the Isla Burger Halal restaurant in Nice, France, September 25, 2017. (Eric Gaillard/Reuters)
Most people may continue to eat their current levels of red and processed meat without endangering their health, according to a … [+1927 chars]"
19,19,"{'id': 'al-jazeera-english', 'name': 'Al Jazeera English'}",Al Jazeera,How risky is eating red meat for your health?,Researchers' advice that adults keep 'current unprocessed red meat consumption' draws sharp reaction from other experts.,https://www.aljazeera.com/news/2019/10/risky-eating-red-meat-health-191001115115895.html,https://www.aljazeera.com/mritems/Images/2019/10/1/8ed53ad1f3fe4ddfb94906968b9e399c_18.jpg,2019-10-01T13:08:49Z,"Cutting back on red meat is standard medical advice to prevent cancer and heart disease - but a review of dozens of studies has concluded that the potential risk is low and evidence uncertain.
In new guidelines published on Monday in the Annals of Internal M… [+2883 chars]"
